{
    "acid_bk": {
        "idle": [
            {
                "w": 1980,
                "h": 1080,
                "x": 88,
                "y": 123
            },
            {
                "w": 1980,
                "h": 1080,
                "x": 88,
                "y": 123
            },
            {
                "w": 1980,
                "h": 1080,
                "x": 88,
                "y": 124
            }
        ],
        "idleLookRight": [
            {
                "w": 176,
                "h": 135,
                "x": 88,
                "y": 123
            },
            {
                "w": 176,
                "h": 135,
                "x": 88,
                "y": 123
            },
            {
                "w": 171,
                "h": 135,
                "x": 85,
                "y": 123
            },
            {
                "w": 165,
                "h": 136,
                "x": 82,
                "y": 124
            },
            {
                "w": 159,
                "h": 136,
                "x": 79,
                "y": 124
            },
            {
                "w": 156,
                "h": 136,
                "x": 77,
                "y": 124
            },
            {
                "w": 159,
                "h": 136,
                "x": 79,
                "y": 124
            },
            {
                "w": 165,
                "h": 136,
                "x": 82,
                "y": 124
            },
            {
                "w": 171,
                "h": 136,
                "x": 85,
                "y": 124
            },
            {
                "w": 176,
                "h": 135,
                "x": 88,
                "y": 123
            }
        ],
        "idleSit": [
            {
                "w": 176,
                "h": 135,
                "x": 88,
                "y": 123
            },
            {
                "w": 176,
                "h": 133,
                "x": 88,
                "y": 123
            },
            {
                "w": 172,
                "h": 131,
                "x": 86,
                "y": 124
            },
            {
                "w": 168,
                "h": 131,
                "x": 84,
                "y": 126
            },
            {
                "w": 164,
                "h": 125,
                "x": 82,
                "y": 122
            },
            {
                "w": 161,
                "h": 121,
                "x": 80,
                "y": 118
            },
            {
                "w": 159,
                "h": 121,
                "x": 79,
                "y": 118
            },
            {
                "w": 156,
                "h": 121,
                "x": 78,
                "y": 118
            },
            {
                "w": 153,
                "h": 121,
                "x": 76,
                "y": 118
            },
            {
                "w": 151,
                "h": 121,
                "x": 75,
                "y": 118
            },
            {
                "w": 150,
                "h": 121,
                "x": 74,
                "y": 118
            },
            {
                "w": 150,
                "h": 121,
                "x": 74,
                "y": 118
            },
            {
                "w": 150,
                "h": 121,
                "x": 74,
                "y": 118
            },
            {
                "w": 151,
                "h": 121,
                "x": 75,
                "y": 118
            },
            {
                "w": 151,
                "h": 120,
                "x": 75,
                "y": 117
            },
            {
                "w": 153,
                "h": 120,
                "x": 76,
                "y": 117
            },
            {
                "w": 153,
                "h": 120,
                "x": 76,
                "y": 117
            },
            {
                "w": 153,
                "h": 120,
                "x": 76,
                "y": 117
            },
            {
                "w": 153,
                "h": 120,
                "x": 76,
                "y": 117
            },
            {
                "w": 151,
                "h": 121,
                "x": 75,
                "y": 118
            },
            {
                "w": 150,
                "h": 121,
                "x": 75,
                "y": 118
            },
            {
                "w": 151,
                "h": 121,
                "x": 76,
                "y": 118
            },
            {
                "w": 169,
                "h": 126,
                "x": 83,
                "y": 123
            },
            {
                "w": 168,
                "h": 130,
                "x": 84,
                "y": 128
            },
            {
                "w": 180,
                "h": 133,
                "x": 90,
                "y": 125
            },
            {
                "w": 176,
                "h": 135,
                "x": 88,
                "y": 123
            }
        ],
        "walk_N": [
            {
                "w": 176,
                "h": 130,
                "x": 87,
                "y": 125
            },
            {
                "w": 173,
                "h": 133,
                "x": 89,
                "y": 127
            },
            {
                "w": 175,
                "h": 131,
                "x": 90,
                "y": 126
            },
            {
                "w": 172,
                "h": 131,
                "x": 86,
                "y": 126
            }
        ],
        "idleLookAround": [
            {
                "w": 176,
                "h": 135,
                "x": 88,
                "y": 123
            },
            {
                "w": 165,
                "h": 136,
                "x": 82,
                "y": 124
            },
            {
                "w": 153,
                "h": 135,
                "x": 76,
                "y": 123
            },
            {
                "w": 153,
                "h": 135,
                "x": 76,
                "y": 123
            },
            {
                "w": 154,
                "h": 135,
                "x": 77,
                "y": 123
            },
            {
                "w": 156,
                "h": 136,
                "x": 78,
                "y": 124
            },
            {
                "w": 157,
                "h": 136,
                "x": 79,
                "y": 124
            },
            {
                "w": 158,
                "h": 136,
                "x": 80,
                "y": 124
            },
            {
                "w": 159,
                "h": 136,
                "x": 81,
                "y": 124
            },
            {
                "w": 157,
                "h": 136,
                "x": 80,
                "y": 124
            },
            {
                "w": 153,
                "h": 136,
                "x": 78,
                "y": 124
            },
            {
                "w": 150,
                "h": 136,
                "x": 77,
                "y": 124
            },
            {
                "w": 149,
                "h": 136,
                "x": 76,
                "y": 124
            },
            {
                "w": 153,
                "h": 136,
                "x": 78,
                "y": 124
            },
            {
                "w": 161,
                "h": 136,
                "x": 82,
                "y": 124
            },
            {
                "w": 171,
                "h": 135,
                "x": 86,
                "y": 123
            }
        ],
        "idleLookDown": [
            {
                "w": 176,
                "h": 135,
                "x": 88,
                "y": 123
            },
            {
                "w": 176,
                "h": 134,
                "x": 88,
                "y": 122
            },
            {
                "w": 170,
                "h": 133,
                "x": 85,
                "y": 121
            },
            {
                "w": 164,
                "h": 132,
                "x": 82,
                "y": 120
            },
            {
                "w": 157,
                "h": 131,
                "x": 79,
                "y": 119
            },
            {
                "w": 153,
                "h": 131,
                "x": 77,
                "y": 119
            },
            {
                "w": 157,
                "h": 131,
                "x": 79,
                "y": 119
            },
            {
                "w": 164,
                "h": 132,
                "x": 82,
                "y": 120
            },
            {
                "w": 170,
                "h": 133,
                "x": 85,
                "y": 121
            },
            {
                "w": 176,
                "h": 134,
                "x": 88,
                "y": 122
            }
        ],
        "walk_S": [
            {
                "w": 177,
                "h": 136,
                "x": 90,
                "y": 124
            },
            {
                "w": 174,
                "h": 133,
                "x": 82,
                "y": 126
            },
            {
                "w": 176,
                "h": 137,
                "x": 85,
                "y": 125
            },
            {
                "w": 171,
                "h": 133,
                "x": 88,
                "y": 125
            }
        ],
        "walk_SW": [
            {
                "w": 135,
                "h": 140,
                "x": 66,
                "y": 124
            },
            {
                "w": 134,
                "h": 141,
                "x": 67,
                "y": 126
            },
            {
                "w": 134,
                "h": 144,
                "x": 62,
                "y": 125
            },
            {
                "w": 144,
                "h": 128,
                "x": 67,
                "y": 125
            }
        ],
        "walk_SE": [
            {
                "w": 133,
                "h": 143,
                "x": 70,
                "y": 124
            },
            {
                "w": 143,
                "h": 128,
                "x": 71,
                "y": 126
            },
            {
                "w": 134,
                "h": 138,
                "x": 67,
                "y": 125
            },
            {
                "w": 132,
                "h": 141,
                "x": 67,
                "y": 125
            }
        ],
        "idleBackAndForth": [
            {
                "w": 176,
                "h": 135,
                "x": 88,
                "y": 123
            },
            {
                "w": 180,
                "h": 135,
                "x": 90,
                "y": 123
            },
            {
                "w": 180,
                "h": 136,
                "x": 90,
                "y": 124
            },
            {
                "w": 175,
                "h": 136,
                "x": 87,
                "y": 124
            },
            {
                "w": 171,
                "h": 136,
                "x": 85,
                "y": 124
            },
            {
                "w": 174,
                "h": 137,
                "x": 87,
                "y": 124
            },
            {
                "w": 178,
                "h": 137,
                "x": 89,
                "y": 124
            },
            {
                "w": 180,
                "h": 136,
                "x": 90,
                "y": 123
            },
            {
                "w": 176,
                "h": 136,
                "x": 88,
                "y": 123
            },
            {
                "w": 170,
                "h": 134,
                "x": 85,
                "y": 122
            },
            {
                "w": 163,
                "h": 134,
                "x": 81,
                "y": 122
            },
            {
                "w": 157,
                "h": 134,
                "x": 78,
                "y": 122
            },
            {
                "w": 155,
                "h": 133,
                "x": 77,
                "y": 121
            },
            {
                "w": 159,
                "h": 134,
                "x": 79,
                "y": 122
            },
            {
                "w": 165,
                "h": 134,
                "x": 82,
                "y": 122
            },
            {
                "w": 173,
                "h": 135,
                "x": 86,
                "y": 123
            }
        ],
        "idleBreathing": [
            {
                "w": 176,
                "h": 135,
                "x": 88,
                "y": 123
            },
            {
                "w": 176,
                "h": 135,
                "x": 88,
                "y": 123
            },
            {
                "w": 176,
                "h": 135,
                "x": 88,
                "y": 123
            },
            {
                "w": 174,
                "h": 135,
                "x": 87,
                "y": 123
            },
            {
                "w": 173,
                "h": 136,
                "x": 86,
                "y": 124
            },
            {
                "w": 171,
                "h": 136,
                "x": 85,
                "y": 124
            },
            {
                "w": 171,
                "h": 136,
                "x": 85,
                "y": 124
            },
            {
                "w": 171,
                "h": 136,
                "x": 85,
                "y": 124
            },
            {
                "w": 173,
                "h": 136,
                "x": 86,
                "y": 124
            },
            {
                "w": 174,
                "h": 135,
                "x": 87,
                "y": 123
            },
            {
                "w": 176,
                "h": 135,
                "x": 88,
                "y": 123
            },
            {
                "w": 176,
                "h": 135,
                "x": 88,
                "y": 123
            }
        ],
        "idleSpin": [
            {
                "w": 176,
                "h": 135,
                "x": 88,
                "y": 123
            },
            {
                "w": 175,
                "h": 136,
                "x": 89,
                "y": 124
            },
            {
                "w": 168,
                "h": 138,
                "x": 90,
                "y": 125
            },
            {
                "w": 155,
                "h": 138,
                "x": 88,
                "y": 126
            },
            {
                "w": 140,
                "h": 138,
                "x": 83,
                "y": 126
            },
            {
                "w": 129,
                "h": 136,
                "x": 79,
                "y": 125
            },
            {
                "w": 126,
                "h": 137,
                "x": 77,
                "y": 125
            },
            {
                "w": 127,
                "h": 136,
                "x": 74,
                "y": 126
            },
            {
                "w": 126,
                "h": 134,
                "x": 62,
                "y": 128
            },
            {
                "w": 126,
                "h": 134,
                "x": 49,
                "y": 129
            },
            {
                "w": 130,
                "h": 136,
                "x": 44,
                "y": 128
            },
            {
                "w": 130,
                "h": 138,
                "x": 41,
                "y": 125
            },
            {
                "w": 129,
                "h": 139,
                "x": 39,
                "y": 124
            },
            {
                "w": 129,
                "h": 140,
                "x": 44,
                "y": 125
            },
            {
                "w": 127,
                "h": 142,
                "x": 47,
                "y": 126
            },
            {
                "w": 123,
                "h": 142,
                "x": 53,
                "y": 126
            },
            {
                "w": 116,
                "h": 141,
                "x": 58,
                "y": 126
            },
            {
                "w": 117,
                "h": 138,
                "x": 65,
                "y": 124
            },
            {
                "w": 122,
                "h": 138,
                "x": 70,
                "y": 124
            },
            {
                "w": 129,
                "h": 136,
                "x": 73,
                "y": 125
            },
            {
                "w": 143,
                "h": 132,
                "x": 79,
                "y": 127
            },
            {
                "w": 158,
                "h": 128,
                "x": 85,
                "y": 128
            },
            {
                "w": 168,
                "h": 127,
                "x": 89,
                "y": 128
            },
            {
                "w": 170,
                "h": 126,
                "x": 89,
                "y": 127
            },
            {
                "w": 170,
                "h": 125,
                "x": 89,
                "y": 126
            },
            {
                "w": 169,
                "h": 126,
                "x": 86,
                "y": 127
            },
            {
                "w": 166,
                "h": 127,
                "x": 83,
                "y": 128
            },
            {
                "w": 155,
                "h": 127,
                "x": 76,
                "y": 128
            },
            {
                "w": 142,
                "h": 131,
                "x": 68,
                "y": 127
            },
            {
                "w": 130,
                "h": 135,
                "x": 60,
                "y": 125
            },
            {
                "w": 124,
                "h": 137,
                "x": 56,
                "y": 124
            },
            {
                "w": 120,
                "h": 138,
                "x": 56,
                "y": 125
            },
            {
                "w": 115,
                "h": 138,
                "x": 60,
                "y": 126
            },
            {
                "w": 123,
                "h": 140,
                "x": 73,
                "y": 127
            },
            {
                "w": 128,
                "h": 139,
                "x": 85,
                "y": 126
            },
            {
                "w": 128,
                "h": 138,
                "x": 89,
                "y": 125
            },
            {
                "w": 128,
                "h": 138,
                "x": 91,
                "y": 125
            },
            {
                "w": 129,
                "h": 136,
                "x": 88,
                "y": 126
            },
            {
                "w": 128,
                "h": 134,
                "x": 83,
                "y": 129
            },
            {
                "w": 122,
                "h": 132,
                "x": 73,
                "y": 130
            },
            {
                "w": 124,
                "h": 133,
                "x": 62,
                "y": 129
            },
            {
                "w": 124,
                "h": 135,
                "x": 53,
                "y": 126
            },
            {
                "w": 123,
                "h": 136,
                "x": 49,
                "y": 125
            },
            {
                "w": 127,
                "h": 138,
                "x": 50,
                "y": 126
            },
            {
                "w": 139,
                "h": 139,
                "x": 56,
                "y": 127
            },
            {
                "w": 157,
                "h": 140,
                "x": 67,
                "y": 127
            },
            {
                "w": 172,
                "h": 138,
                "x": 79,
                "y": 126
            },
            {
                "w": 177,
                "h": 136,
                "x": 86,
                "y": 124
            }
        ],
        "walk_NW": [
            {
                "w": 133,
                "h": 136,
                "x": 72,
                "y": 125
            },
            {
                "w": 144,
                "h": 141,
                "x": 81,
                "y": 126
            },
            {
                "w": 134,
                "h": 139,
                "x": 76,
                "y": 126
            },
            {
                "w": 122,
                "h": 128,
                "x": 65,
                "y": 125
            }
        ],
        "walk_NE": [
            {
                "w": 133,
                "h": 138,
                "x": 59,
                "y": 125
            },
            {
                "w": 125,
                "h": 128,
                "x": 57,
                "y": 127
            },
            {
                "w": 133,
                "h": 134,
                "x": 62,
                "y": 126
            },
            {
                "w": 145,
                "h": 139,
                "x": 68,
                "y": 126
            }
        ],
        "idleLayDown": [
            {
                "w": 176,
                "h": 135,
                "x": 88,
                "y": 123
            },
            {
                "w": 174,
                "h": 132,
                "x": 87,
                "y": 125
            },
            {
                "w": 168,
                "h": 125,
                "x": 84,
                "y": 124
            },
            {
                "w": 162,
                "h": 114,
                "x": 81,
                "y": 114
            },
            {
                "w": 159,
                "h": 114,
                "x": 79,
                "y": 109
            },
            {
                "w": 161,
                "h": 114,
                "x": 80,
                "y": 109
            },
            {
                "w": 164,
                "h": 114,
                "x": 82,
                "y": 109
            },
            {
                "w": 166,
                "h": 114,
                "x": 83,
                "y": 109
            },
            {
                "w": 166,
                "h": 114,
                "x": 83,
                "y": 109
            },
            {
                "w": 166,
                "h": 115,
                "x": 83,
                "y": 110
            },
            {
                "w": 166,
                "h": 115,
                "x": 83,
                "y": 110
            },
            {
                "w": 166,
                "h": 116,
                "x": 83,
                "y": 111
            },
            {
                "w": 166,
                "h": 117,
                "x": 83,
                "y": 111
            },
            {
                "w": 164,
                "h": 117,
                "x": 82,
                "y": 111
            },
            {
                "w": 164,
                "h": 117,
                "x": 82,
                "y": 111
            },
            {
                "w": 163,
                "h": 117,
                "x": 81,
                "y": 111
            },
            {
                "w": 163,
                "h": 117,
                "x": 81,
                "y": 111
            },
            {
                "w": 161,
                "h": 118,
                "x": 80,
                "y": 111
            },
            {
                "w": 161,
                "h": 117,
                "x": 80,
                "y": 110
            },
            {
                "w": 160,
                "h": 116,
                "x": 79,
                "y": 109
            },
            {
                "w": 160,
                "h": 115,
                "x": 79,
                "y": 108
            },
            {
                "w": 161,
                "h": 115,
                "x": 80,
                "y": 108
            },
            {
                "w": 162,
                "h": 116,
                "x": 81,
                "y": 108
            },
            {
                "w": 157,
                "h": 116,
                "x": 77,
                "y": 108
            },
            {
                "w": 153,
                "h": 116,
                "x": 74,
                "y": 108
            },
            {
                "w": 163,
                "h": 116,
                "x": 80,
                "y": 115
            },
            {
                "w": 150,
                "h": 124,
                "x": 79,
                "y": 126
            },
            {
                "w": 144,
                "h": 129,
                "x": 76,
                "y": 128
            },
            {
                "w": 147,
                "h": 133,
                "x": 76,
                "y": 123
            },
            {
                "w": 158,
                "h": 131,
                "x": 81,
                "y": 121
            },
            {
                "w": 173,
                "h": 130,
                "x": 87,
                "y": 121
            },
            {
                "w": 178,
                "h": 132,
                "x": 89,
                "y": 122
            }
        ],
        "idleLookUp": [
            {
                "w": 176,
                "h": 135,
                "x": 88,
                "y": 123
            },
            {
                "w": 174,
                "h": 135,
                "x": 88,
                "y": 123
            },
            {
                "w": 171,
                "h": 136,
                "x": 87,
                "y": 124
            },
            {
                "w": 168,
                "h": 136,
                "x": 85,
                "y": 124
            },
            {
                "w": 166,
                "h": 136,
                "x": 83,
                "y": 124
            },
            {
                "w": 166,
                "h": 136,
                "x": 83,
                "y": 124
            },
            {
                "w": 167,
                "h": 136,
                "x": 83,
                "y": 124
            },
            {
                "w": 170,
                "h": 136,
                "x": 85,
                "y": 124
            },
            {
                "w": 174,
                "h": 136,
                "x": 87,
                "y": 124
            },
            {
                "w": 176,
                "h": 136,
                "x": 88,
                "y": 124
            }
        ],
        "idleLookLeft": [
            {
                "w": 176,
                "h": 135,
                "x": 88,
                "y": 123
            },
            {
                "w": 176,
                "h": 136,
                "x": 88,
                "y": 124
            },
            {
                "w": 171,
                "h": 136,
                "x": 86,
                "y": 124
            },
            {
                "w": 165,
                "h": 136,
                "x": 83,
                "y": 124
            },
            {
                "w": 159,
                "h": 136,
                "x": 81,
                "y": 124
            },
            {
                "w": 156,
                "h": 135,
                "x": 80,
                "y": 123
            },
            {
                "w": 159,
                "h": 136,
                "x": 81,
                "y": 124
            },
            {
                "w": 165,
                "h": 136,
                "x": 83,
                "y": 124
            },
            {
                "w": 171,
                "h": 136,
                "x": 86,
                "y": 124
            },
            {
                "w": 176,
                "h": 135,
                "x": 88,
                "y": 123
            }
        ],
        "idleFall": [
            {
                "w": 176,
                "h": 135,
                "x": 88,
                "y": 123
            },
            {
                "w": 177,
                "h": 136,
                "x": 88,
                "y": 124
            },
            {
                "w": 166,
                "h": 133,
                "x": 82,
                "y": 121
            },
            {
                "w": 169,
                "h": 133,
                "x": 83,
                "y": 110
            },
            {
                "w": 171,
                "h": 137,
                "x": 84,
                "y": 104
            },
            {
                "w": 178,
                "h": 136,
                "x": 88,
                "y": 106
            },
            {
                "w": 177,
                "h": 133,
                "x": 88,
                "y": 110
            },
            {
                "w": 153,
                "h": 130,
                "x": 76,
                "y": 114
            },
            {
                "w": 143,
                "h": 128,
                "x": 71,
                "y": 116
            },
            {
                "w": 153,
                "h": 130,
                "x": 76,
                "y": 114
            },
            {
                "w": 177,
                "h": 133,
                "x": 88,
                "y": 110
            },
            {
                "w": 177,
                "h": 136,
                "x": 88,
                "y": 106
            },
            {
                "w": 171,
                "h": 137,
                "x": 84,
                "y": 104
            },
            {
                "w": 176,
                "h": 129,
                "x": 88,
                "y": 114
            },
            {
                "w": 141,
                "h": 135,
                "x": 70,
                "y": 123
            },
            {
                "w": 155,
                "h": 134,
                "x": 77,
                "y": 123
            },
            {
                "w": 176,
                "h": 135,
                "x": 88,
                "y": 123
            },
            {
                "w": 169,
                "h": 132,
                "x": 85,
                "y": 124
            },
            {
                "w": 157,
                "h": 130,
                "x": 80,
                "y": 124
            },
            {
                "w": 170,
                "h": 133,
                "x": 85,
                "y": 124
            }
        ],
        "walk_E": [
            {
                "w": 131,
                "h": 142,
                "x": 51,
                "y": 124
            },
            {
                "w": 130,
                "h": 130,
                "x": 51,
                "y": 126
            },
            {
                "w": 130,
                "h": 139,
                "x": 51,
                "y": 126
            },
            {
                "w": 130,
                "h": 143,
                "x": 55,
                "y": 125
            }
        ],
        "walk_W": [
            {
                "w": 131,
                "h": 140,
                "x": 80,
                "y": 124
            },
            {
                "w": 131,
                "h": 145,
                "x": 80,
                "y": 126
            },
            {
                "w": 131,
                "h": 144,
                "x": 80,
                "y": 125
            },
            {
                "w": 130,
                "h": 130,
                "x": 75,
                "y": 125
            }
        ],
        "idleWave": [
            {
                "w": 176,
                "h": 135,
                "x": 88,
                "y": 123
            },
            {
                "w": 175,
                "h": 135,
                "x": 87,
                "y": 123
            },
            {
                "w": 168,
                "h": 136,
                "x": 82,
                "y": 124
            },
            {
                "w": 159,
                "h": 136,
                "x": 76,
                "y": 124
            },
            {
                "w": 153,
                "h": 136,
                "x": 72,
                "y": 124
            },
            {
                "w": 160,
                "h": 136,
                "x": 73,
                "y": 124
            },
            {
                "w": 164,
                "h": 136,
                "x": 73,
                "y": 124
            },
            {
                "w": 157,
                "h": 136,
                "x": 74,
                "y": 124
            },
            {
                "w": 148,
                "h": 136,
                "x": 74,
                "y": 124
            },
            {
                "w": 145,
                "h": 136,
                "x": 74,
                "y": 124
            },
            {
                "w": 147,
                "h": 136,
                "x": 74,
                "y": 124
            },
            {
                "w": 156,
                "h": 136,
                "x": 74,
                "y": 124
            },
            {
                "w": 163,
                "h": 136,
                "x": 74,
                "y": 124
            },
            {
                "w": 156,
                "h": 136,
                "x": 74,
                "y": 124
            },
            {
                "w": 148,
                "h": 136,
                "x": 74,
                "y": 124
            },
            {
                "w": 154,
                "h": 136,
                "x": 73,
                "y": 124
            },
            {
                "w": 159,
                "h": 136,
                "x": 73,
                "y": 124
            },
            {
                "w": 156,
                "h": 136,
                "x": 73,
                "y": 124
            },
            {
                "w": 149,
                "h": 136,
                "x": 73,
                "y": 124
            },
            {
                "w": 144,
                "h": 136,
                "x": 72,
                "y": 124
            },
            {
                "w": 158,
                "h": 136,
                "x": 77,
                "y": 124
            },
            {
                "w": 177,
                "h": 135,
                "x": 85,
                "y": 123
            }
        ]
    }
    }
